,Keywords
0,lion king
1,lion king 2019
2,lion king 2
3,lion king characters
4,lion king 1994
5,lion king movie
6,lion king 3
7,lion king song
8,lion king vape
9,lion king 1
10,a+lion+king
11,a+lion+king+song
12,a+lion+king+full+movie
13,a+lion+king+passover
14,a+lion+king+attacks+a+worker
15,a+lion+king+movie
16,a+lion+king+game
17,a+lion+king+2
18,a+lion+king+toy
19,a+lion+king+quiz
20,how+lion+king+was+made
21,how+lion+king+should+have+looked
22,how+lion+king+should+have+ended
23,how+lion+king+was+filmed
24,how+lion+king+was+animated
25,what+lion+king+character+are+you
26,what's+lion+king+based+on
27,what+lion+king+is+beyonce+in
28,what's+lion+king+2+about
29,what's+lion+king+1/2+about
30,which+lion+king+character+are+you
31,which+lion+king+is+better
32,which+lion+king+2+character+are+you
33,which+lion+king+is+the+best
34,which+lion+king+made+more+money
35,which+lion+king+should+i+watch
36,which+lion+king+character+are+you+quotev
37,which+lion+king+character+are+you+oh+my+disney
38,which+lion+king+song+won+an+oscar
39,which+lion+king+hyena+are+you
40,why+lion+king+of+jungle
41,why+lion+king+is+the+best+movie
42,why+lion+king+is+the+best+disney+movie
43,why+lion+king+is+a+bad+movie
44,why+lion+king+is+a+good+movie
45,why+lion+king+not+tiger
46,why+lion+king
47,why+lion+is+king+of+jungle+not+tiger
48,why+lion+is+king+of+animals
49,why+remake+lion+king
50,where+lion+king+take+place
51,where+lion+king+was+filmed
52,where+lion+king+is+set
53,where+lion+king
54,the+lion+king+2019
55,the+lion+king+full+movie
56,the+lion+king+cast
57,the+lion+king+2
58,the+lion+king+full+movie+in+hindi
59,the+lion+king+2019+cast
60,who+lion+king
61,who+lion+king+song
62,that+lion+king+movie
63,which+lion+king+character
64,which+lion+king+2
65,who+dubbed+lion+king+in+hindi
66,who+voices+lion+king
67,who+voices+lion+king+2019
68,who+play+lion+king
69,when+lion+king+come+out
70,when+lion+king+released
71,when+does+lion+king+take+place
72,when+is+lion+king+set
73,when+was+lion+king+on+broadway
74,when+is+lion+king+on+in+auckland
75,when+is+lion+king+on+in+manchester
76,when+is+lion+king+on+netflix
77,when+is+lion+king+4
78,when+is+lion+king+in+cardiff
79,are+lion+king+of+the+jungle
80,are+lion+king+tickets+refundable
81,are+lion+king+cards+worth+anything
82,are+lion+king+ooshies+worth+anything
83,is+lion+king+on+netflix
84,is+lion+king+based+on+hamlet
85,is+lion+king+disney
86,is+lion+king+on+disney+plus
87,is+lion+king+on+amazon+prime
88,is+lion+king+hamlet
89,what+lion+king+teaches+us
90,what+lion+king+2+character+are+you
91,the+lion+king
92,the+lion+king+11⁄2
93,the+lion+king+movie
94,the+lion+king+characters
95,the+lion+king+3
96,the+lion+king+mbti
97,the+lion+king+1994+cast
98,lion+king+animation
99,lion+king+aparat
100,lion+king+ahmad+massoud
101,lion+king+apk
102,lion+king+actors
103,lion+king+ah+zabenya+lyrics
104,lion+king+animated+cast
105,lion+king+ah+zabenya
106,lion+king+art
107,lion+king+animals+names
108,lion+king+broadway
109,lion+king+bord+gais
110,lion+king+bristol
111,lion+king+bird
112,lion+king+background
113,lion+king+book
114,lion+king+broadway+tour
115,lion+king+broadway+cast
116,lion+king+bristol+2022
117,lion+king+baby+shower
118,lion+king+characters
119,lion+king+cast
120,lion+king+cartoon
121,lion+king+circle+of+life
122,lion+king+cast+1994
123,lion+king+cast+2019
124,lion+king+cleveland
125,lion+king+cake
126,lion+king+costumes
127,lion+king+coloring+pages
128,lion+king+dialogue
129,lion+king+dublin
130,lion+king+denver
131,lion+king+detroit
132,lion+king+drawing
133,lion+king+disney
134,lion+king+dvd
135,lion+king+decorations
136,lion+king+dublin+tickets
137,lion+king+dublin+2021
138,lion+king+elton+john
139,lion+king+everything+the+light+touches
140,lion+king+ed
141,lion+king+edinburgh
142,lion+king+elephant+graveyard
143,lion+king+ending
144,lion+king+everything+the+light+touches+quote
145,lion+king+emoji
146,lion+king+easter+eggs
147,lion+king+earrings
148,lion+king+family+tree
149,lion+king+font
150,lion+king+full+movie
151,lion+king+film
152,lion+king+flooring
153,lion+king+figures
154,lion+king+fanfiction
155,lion+king+family+costumes
156,lion+king+female+names
157,lion+king+funko+pop
158,lion+king+game
159,lion+king+game+online
160,lion+king+gif
161,lion+king+gifts
162,lion+king+girl+names
163,lion+king+genre
164,lion+king+game+download
165,lion+king+greensboro+nc
166,lion+king+game+sega
167,lion+king+girl+lion
168,lion+king+hookah
169,lion+king+hakuna+matata
170,lion+king+hyenas
171,lion+king+hyena+names
172,lion+king+hindi+cast
173,lion+king+hamlet
174,lion+king+hindi
175,lion+king+hakuna+matata+lyrics
176,lion+king+holding+up+simba
177,lion+king+halloween+costumes
178,lion+king+imdb
179,lion+king+images
180,lion+king+intro+song
181,lion+king+in+theatre
182,lion+king+intro+lyrics
183,lion+king+in+the+jungle
184,lion+king+it+is+time
185,lion+king+in+hindi
186,lion+king+images+hd
187,lion+king+intro+song+lyrics
188,lion+king+jr
189,lion+king+jr+script
190,lion+king+just+can't+wait+to+be+king
191,lion+king+jokes
192,lion+king+jr+songs
193,lion+king+jewelry
194,lion+king+jungle
195,lion+king+jumper
196,lion+king+japanese
197,lion+king+jr+soundtrack
198,lion+king+kovu
199,lion+king+kiara
200,lion+king+kopa
201,lion+king+kion
202,lion+king+kilkenny
203,lion+king+koger+center
204,lion+king+kids
205,lion+king+kion+death
206,lion+king+karaoke
207,lion+king+kiara's+reign
208,lion+king+live+action
209,lion+king+lyrics
210,lion+king+london
211,lion+king+live+action+cast
212,lion+king+lyceum
213,lion+king+logo
214,lion+king+live
215,lion+king+lottery
216,lion+king+loungefly
217,lion+king+london+cast
218,lion+king+movie
219,lion+king+music
220,lion+king+mbti
221,lion+king+meme
222,lion+king+monkey
223,lion+king+musical+london
224,lion+king+mufasa
225,lion+king+manchester
226,lion+king+memphis
227,lion+king+monkey+name
228,lion+king+names
229,lion+king+nala
230,lion+king+new+york
231,lion+king+nashville
232,lion+king+netflix
233,lion+king+new+movie
234,lion+king+new
235,lion+king+nursery
236,lion+king+near+me
237,lion+king+nuka
238,lion+king+on+ice
239,lion+king+on+broadway
240,lion+king+original
241,lion+king+opening+song
242,lion+king+orpheum
243,lion+king+opening+song+lyrics
244,lion+king+of+the+jungle
245,lion+king+on+ice+lyrics
246,lion+king+original+cast
247,lion+king+ost
248,lion+king+poster
249,lion+king+play
250,lion+king+pictures
251,lion+king+playhouse+square
252,lion+king+photo
253,lion+king+prequel
254,lion+king+pride+rock
255,lion+king+plot
256,lion+king+pumbaa+and+timon
257,lion+king+pyjamas
258,lion+king+quotes
259,lion+king+quiz
260,lion+king+queen
261,lion+king+quote+about+the+past
262,lion+king+quotes+funny
263,lion+king+quotes+mufasa
264,lion+king+quote+everything+the+light+touches
265,lion+king+quotes+simba
266,lion+king+quotes+timon
267,lion+king+queen+name
268,lion+king+release+date
269,lion+king+rafiki
270,lion+king+roll
271,lion+king+remake
272,lion+king+real+life
273,lion+king+ringtone
274,lion+king+review
275,lion+king+rating
276,lion+king+rock
277,lion+king+remember+who+you+are
278,lion+king+song
279,lion+king+soundtrack
280,lion+king+scar
281,lion+king+song+lyrics
282,lion+king+series
283,lion+king+story
284,lion+king+script
285,lion+king+script+pdf
286,lion+king+song+ah+zabenya+lyrics
287,lion+king+san+antonio
288,lion+king+timon
289,lion+king+theme+song
290,lion+king+trailer
291,lion+king+tickets
292,lion+king+toys
293,lion+king+tattoo
294,lion+king+the+musical
295,lion+king+tour
296,lion+king+tour+2022
297,lion+king+tour+2021
298,lion+king+uk+tour
299,lion+king+uncle
300,lion+king+urban+dictionary
301,lion+king+uru
302,lion+king+underwear
303,lion+king+uk+tour+2022
304,lion+king+uk+tour+cast
305,lion+king+uk+cast
306,lion+king+uncle+name
307,lion+king+ukulele
308,lion+king+vape
309,lion+king+voice+actors
310,lion+king+voices
311,lion+king+vhs
312,lion+king+video
313,lion+king+vhs+value
314,lion+king+video+game
315,lion+king+voices+2019
316,lion+king+voice+cast
317,lion+king+vitani
318,lion+king+youtube
319,lion+king+yeet
320,lion+king+year
321,lion+king+yeet+gif
322,lion+king+young+simba
323,lion+king+ytp
324,lion+king+young+simba+voice
325,lion+king+yeezy+slides
326,lion+king+yonkers
327,lion+king+youtube+soundtrack
328,lion+king+x+reader
329,lion+king+xbox+one
330,lion+king+x+reader+lemon
331,lion+king+x+cub+reader
332,lion+king+x+male+lion+reader
333,lion+king+zazu
334,lion+king+zira
335,lion+king+zazu+voice
336,lion+king+zoom+background
337,lion+king+zebra
338,lion+king+zulu
339,lion+king+zodiac+signs
340,lion+king+zazu+song
341,lion+king+zara
342,lion+king+simba
343,lion+king+like+movies
344,lion+king+like+hamlet
345,lion+king+like+simba
346,lion+king+i+like+ya+cut+g
347,lion+king+tastes+like+chicken
348,lion+king+i+like+to+move+it
349,lion+king+stuntin+like+mufasa
350,lion+king+looks+like+woman
351,the+lion+king+likewap
352,lion+king+filmed+like+a+vine
353,lion+king+foreshadowing
354,lion+king+forbidden+place
355,lion+king+forest
356,lion+king+forehead
357,lion+king+forest+background
358,lion+king+fort+worth
359,lion+king+forearm+tattoo
360,lion+king+forehead+scene
361,lion+king+for+toddlers
362,lion+king+for+3+year+old
363,lion+king+without+music
364,lion+king+without+animals
365,lion+king+without+morning+report
366,lion+king+without+context
367,lion+king+music+without+words
368,lion+king+poster+without+text
369,lion+king+song+without+words
370,lion+king+movie+poster+without+text
371,lion+king+2019+runtime+without+credits
372,lion+king+with+beyonce
373,lion+king+with+crown
374,lion+king+with+simba
375,lion+king+with+real+animals
376,lion+king+with+lyrics
377,lion+king+with+healthbars
378,lion+king+with+cats
379,lion+king+with+different+music
380,lion+king+with+dinner
381,lion+king+vs+jungle+book
382,lion+king+vs+aladdin
383,lion+versus+king+cobra
384,lion+versus+king+kong
385,lion+king+simba+versus+scar
386,lion+king+versus+lion+guard
387,lion+king+vs+hamlet
388,lion+king+vs+kimba
389,lion+king+vs+aladdin+broadway
390,lion+king+vs+tiger+king
391,lion+king+vs+lion+guard
392,lion+king+vs+wicked
393,lion+king+vs+lion+king
394,lion+king+vs+black+panther
395,lion+king+tour+2022+uk
396,lion+king+toys+amazon
397,lion+king+toy+set
398,lion+king+toucan
399,lion+king+toronto
400,lion+king+nearest+train+station
401,lion+king+roll+near+me
402,lion+king+toys+near+me
403,lion+king+grocery+near+me
404,lion+king+sushi+near+me
405,lion+king+cake+near+me
406,lion+king+store+near+me
407,lion+king+balloons+near+me
408,lion+king+show+near+me
409,lion+king+hashtags
410,lion+king+hasbro
411,lion+king+has+returned
412,lion+king+hash
413,lion+king+hasani
414,lion+king+hasira
415,lion+king+song+hasavenia
416,lion+king+song+hasavenia+lyrics
417,lion+king+where+has+the+starlight+gone
418,simba+lion+king+hasbro
419,lion+king
420,lion+king+2019
421,lion+king+2
422,lion+king+1994
423,lion+king+3
424,lion+king+1
425,lion+king+2019+cast
426,lion+king+2019+imdb
427,lion+king+2019+box+office
428,lion+king+2019+soundtrack
429,lion+king+2019+songs
430,lion+king+2019+release+date
431,lion+king+2019+review
432,lion+king+2019+scar
433,lion+king+2019+hindi+cast
434,lion+king+2020
435,lion+king+2+songs
436,lion+king+2+live+action
437,lion+king+2+cast
438,lion+king+2+kovu
439,lion+king+2021
440,lion+king+characters+2019
441,lion+king+characters+as+humans
442,lion+king+characters+animals
443,lion+king+characters+hindi
444,lion+king+characters+2
445,lion+king+characters+timon
446,lion+king+characters+png
447,lion+king+characters+drawing
448,lion+king+characters+voice
449,lion+king+1994+cast
450,lion+king+1994+box+office
451,lion+king+1994+characters
452,lion+king+1994+soundtrack
453,lion+king+1994+vs+2019
454,lion+king+1994+budget
455,lion+king+1994+movie
456,lion+king+1994+songs
457,lion+king+1994+poster
458,lion+king+movie+cast
459,lion+king+movies+in+order
460,lion+king+movie+poster
461,lion+king+movie+characters
462,lion+king+movie+2019
463,lion+king+movie+in+hindi
464,lion+king+movie+1994
465,lion+king+movie+full
466,lion+king+movie+2021
467,lion+king+3d
468,lion+king+3+release+date
469,lion+king+3+characters
470,lion+king+3+full+movie
471,lion+king+3+hakuna+matata
472,lion+king+3+trailer
473,lion+king+3+cast
474,lion+king+3+hyenas
475,lion+king+3+songs
476,lion+king+songs+list
477,lion+king+song+in+the+jungle
478,lion+king+songs+2019
479,lion+king+song+hakuna+matata
480,lion+king+song+translation
481,lion+king+songs+download
482,lion+king+songs+in+order
483,lion+king+vape+cartridge
484,lion+king+vape+1
485,lion+king+1.5
486,lion+king+1+1/2+cast
487,lion+king+1+1/2+songs
488,lion+king+1992
489,lion+king+1+1/2+full+movie
490,the+lion+king+song+lyrics
491,the+lion+king+song+download
492,the+lion+king+songs+2019
493,the+lion+king+song+hakuna+matata
494,the+lion+king+songs+in+hindi
495,the+lion+king+songs+1994
496,the+lion+king+songs+mp3+download
497,the+lion+king+song+download+masstamilan
498,the+lion+king+song+lyrics+in+english
499,the+lion+king+full+movie+in+hindi+download+filmyhit
500,the+lion+king+full+movie+2019
501,the+lion+king+full+movie+in+english
502,the+lion+king+full+movie+in+tamil+download+in+isaimini
503,the+lion+king+full+movie+in+hindi+hotstar
504,the+lion+king+full+movie+dailymotion
505,the+lion+king+full+movie+in+tamil+tamilrockers
506,the+lion+king+full+movie+-+youtube+in+english
507,six13+a+lion+king+passover+lyrics
508,the+lion+king+movie+in+hindi
509,the+lion+king+movie+download+in+tamilrockers
510,the+lion+king+movie+download+isaimini
511,the+lion+king+movie+hindi+download+in+tamilrockers
512,the+lion+king+movie+cast
513,the+lion+king+movie+2019
514,the+lion+king+movie+download+in+hindi+filmyhit
515,the+lion+king+movie+1994
516,the+lion+king+movies+in+order
517,the+lion+king+game+download
518,the+lion+king+game+online
519,the+lion+king+game+apk
520,the+lion+king+game+ps4
521,the+lion+king+game+sega
522,the+lion+king+game+walkthrough
523,the+lion+king+game+boy
524,the+lion+king+game+instructions
525,the+lion+king+game+1994
526,the+lion+king+2019+full+movie
527,the+lion+king+2+full+movie
528,the+lion+king+2+cast
529,the+lion+king+2+live+action
530,the+lion+king+2019+hindi+voice+cast
531,the+lion+king+2019+full+movie+dailymotion
532,the+lion+king+2020
533,the+lion+king+toys+set
534,the+lion+king+toys+2019
535,the+lion+king+toys+australia
536,the+lion+king+toys+1994
537,the+lion+king+toys+walmart
538,the+lion+king+toys+disney+store
539,the+lion+king+toy+videos
540,the+lion+king+toys+amazon
541,the+lion+king+toy+box
542,the+lion+king+quiz+what+character+are+you
543,the+lion+king+quizlet
544,the+lion+king+quiz+answers
545,the+lion+king+quiz+buzzfeed
546,the+lion+king+quiz+hard
547,the+lion+king+quiz+zoo
548,the+lion+king+2+quiz
549,the+lion+king+2019+quiz
550,the+lion+king+archetypes+quizlet
551,how+was+lion+king+made+with+real+animals
552,how+was+lion+king+made+1994
553,how+was+lion+king+2+made
554,how+was+original+lion+king+made
555,how+was+the+lion+king+made+cgi
556,how+long+ago+was+lion+king+made
557,how+was+the+lion+king+animation+made
558,how+was+the+lion+king+musical+made
559,how+was+the+latest+lion+king+made
560,what+lion+king+should+have+looked+like
561,how+the+lion+king+should+have+ended+reaction
562,how+lion+king+2+should+have+ended
563,how+was+lion+king+2019+filmed
564,how+was+new+lion+king+filmed
565,how+was+the+new+lion+king+movie+filmed
566,how+did+they+film+lion+king+with+real+animals
567,how+the+lion+king+remake+was+animated
568,how+was+lion+king+1994+animated
569,how+was+the+original+lion+king+animated
570,is+the+lion+king+real+or+animated
571,what+lion+king+character+are+you+based+on+your+zodiac+sign
572,what+lion+king+character+are+you+playbuzz
573,which+lion+king+character+are+you+2019
574,what+lion+king+character+are+you+quiz+buzzfeed
575,what+disney+lion+king+character+are+you
576,which+lion+king+2+character+are+you+quotev
577,what+country+is+lion+king+based+on
578,what+movie+is+lion+king+based+on
579,lion+king+based+on+african+story
580,what+shakespeare+play+is+lion+king+based+on
581,lion+king+based+on+kimba
582,lion+king+based+on+japanese+cartoon
583,lion+king+based+on+anime
584,what+is+lion+king+2+based+on
585,what+character+is+beyonce+in+lion+king
586,why+is+it+called+lion+king+1+1/2
587,which+lion+king+character+are+you+based+on+your+zodiac+sign
588,which+lion+king+character+are+you+playbuzz
589,which+disney+lion+king+character+are+you
590,which+lion+king+2+character+are+you+playbuzz
591,which+version+of+lion+king+is+better
592,lion+king+is+better+than+aladdin
593,which+is+better+lion+king+or+aladdin+on+broadway
594,which+is+better+lion+king+1+or+2
595,which+is+better+lion+king+or+aladdin
596,which+is+better+lion+king+or+frozen
597,the+lion+king+1994+vs+2019+which+is+better
598,which+is+better+aladdin+or+lion+king+movie
599,is+the+lion+king+2019+good
600,lion+king+2+quiz+which+character+are+you
601,lion+king+is+the+best+disney+movie
602,is+the+new+lion+king+better+than+the+original
603,who+is+the+best+character+in+the+lion+king
604,is+lion+king+available+on+netflix
605,how+to+watch+lion+king+on+netflix
606,which+song+from+the+lion+king+won+an+oscar+for+best+original+song
607,how+many+awards+has+the+lion+king+musical+won
608,what+do+the+hyenas+represent+in+the+lion+king
609,do+the+hyenas+in+lion+king+have+names
610,why+lion+is+king+of+jungle+not+elephant
611,why+lion+is+king+of+jungle+in+hindi
612,why+lion+is+king+of+jungle+in+tamil
613,why+lion+is+king+of+jungle+quora
614,why+lion+is+king+of+jungle+quotes
615,why+lion+is+king+of+jungle+in+telugu
616,why+lion+is+king+of+jungle+not+tiger+quora
617,why+lion+is+king+of+jungle+wikipedia
618,what+is+the+moral+of+the+lion+king+movie
619,is+lion+king+the+best+disney+movie+ever
620,is+the+lion+king+the+most+popular+disney+movie
621,is+the+lion+king+the+best+animated+movie+of+all+time
622,why+was+the+lion+king+remake+so+bad
623,why+the+lion+king+is+overrated
624,why+lion+is+king+of+jungle+not+tiger+in+hindi
625,why+lion+is+called+king+of+jungle+not+tiger+quora
626,why+lion+became+king+of+jungle+why+not+tiger
627,why+is+lion+king+of+the+jungle+and+not+tiger+reddit
628,why+are+there+no+tigers+in+the+lion+king
629,why+tiger+afraid+of+lion
630,is+the+tiger+stronger+than+the+lion
631,why+lion+is+called+king+of+jungle+not+tiger
632,why+lion+is+king+of+forest+not+tiger
633,why+is+tiger+not+king+of+the+jungle
634,why+the+lion+is+king+of+jungle
635,why+lion+is+called+king+of+animals
636,why+is+lion+the+king+of+all+animals
637,why+is+lion+called+the+king+of+all+animals
638,why+lion+is+called+king
639,why+lion+is+not+king+of+jungle
640,what+are+lions+the+king+of
641,why+did+they+remake+lion+king
642,why+lion+king+remake+is+bad
643,was+the+lion+king+remake+a+success
644,is+simba+remake
645,where+does+lion+king+take+place
646,where+does+lion+king+take+place+in+africa
647,where+does+the+lion+king+take+place
648,where+does+the+movie+lion+king+take+place
649,where+is+lion+king+supposed+to+take+place
650,where+in+africa+did+the+lion+king+take+place
651,where+is+the+setting+of+lion+king
652,is+the+lion+king+set+in+south+africa
653,where+was+lion+king+filmed+in+africa
654,where+was+lion+king+filmed+2019
655,where+was+the+new+lion+king+filmed
656,where+was+the+original+lion+king+filmed
657,where+was+the+movie+lion+king+filmed
658,where+was+beyonce+lion+king+video+filmed
659,where+is+the+lion+king+take+place
660,the+lion+king+seth+rogen
661,the+lion+king+set+design
662,the+lion+king+setting+crossword
663,the+lion+king+setting+time
664,the+lion+king+set+top+games
665,the+lion+king+set+design+ideas
666,where+is+lion+king+set+in+africa
667,where+was+lion+king+set
668,the+lion+king+2019+box+office
669,the+lion+king+2019+songs
670,the+lion+king+2019+soundtrack
671,the+lion+king+2019+movie
672,the+lion+king+2019+trailer
673,the+lion+king+2019+simba
674,the+lion+king+2019+scar
675,the+lion+king+full+movie+in+hindi+hotstar+download
676,the+lion+king+full+movie+download+telegram
677,the+lion+king+full+movie+part+1
678,the+lion+king+full+movie+in+tamil+youtube
679,the+lion+king+full+movie+in+tamil+download+in+kuttymovies
680,the+lion+king+full+movie+in+zulu
681,the+lion+king+full+movie+in+english+dailymotion
682,the+lion+king+cast+2019
683,the+lion+king+cast+1994
684,the+lion+king+cast+hindi
685,the+lion+king+cast+2021
686,the+lion+king+cast+2020
687,the+lion+king+cast+names
688,the+lion+king+cast+broadway
689,the+lion+king+cast+cartoon
690,the+lion+king+cast+london
691,the+lion+king+2+2022
692,the+lion+king+2021
693,the+lion+king+full+movie+in+hindi+youtube
694,the+lion+king+full+movie+in+hindi+download+telegram
695,the+lion+king+full+movie+in+hindi+apk+download
696,the+lion+king+full+movie+in+hindi+dubbed+cast
697,the+lion+king+full+movie+in+hindi+facebook
698,the+lion+king+2019+cast+hindi
699,the+lion+king+2019+cast+hindi+full+movie
700,the+lion+king+2019+cast+young+simba
701,the+lion+king+2019+cast+aryan+khan
702,the+lion+king+2019+cast+tamil
703,the+lion+king+2019+cast+hyenas
704,the+lion+king+2019+cast+bush+baby
705,the+lion+king+2019+cast+scar
706,the+lion+king+2019+cast+baby+simba
707,who+sang+lion+king+song
708,who+sings+the+lion+king+song+circle+of+life
709,what+are+the+actual+words+to+the+lion+king+song
710,what+are+the+words+to+the+lion+king+opening+song
711,which+lion+king+character+am+i+buzzfeed
712,which+lion+king+character+are+you+buzzfeed+quiz
713,what+lion+king+character+would+i+be+quiz
714,what+lion+king+character+would+you+be+quiz
715,which+lion+king+2+character+are+you+buzzfeed
716,who+directed+lion+king+2019
717,where+was+lion+king+2019+filmed
718,who+made+lion+king+2019
719,who+made+lion+king+2
720,actors+who+dubbed+lion+king+in+hindi
721,who+has+dubbed+lion+king+in+hindi
722,who+dubbed+scar+in+lion+king+in+hindi
723,who+dubbed+simba+in+lion+king+in+hindi
724,who+dubbed+nala+in+hindi+lion+king
725,who+voices+lion+king+original
726,who+voices+lion+king+characters
727,who+voices+lion+king+2
728,who+voices+lion+king+characters+2019
729,who+plays+lion+king+2019
730,who+voices+kovu+lion+king
731,who+voices+scar+lion+king
732,who+voices+simba+lion+king
733,who+voices+simba+lion+king+2019
734,who+voices+scar+in+lion+king+2019
735,who+plays+scar+lion+king+2019
736,who+plays+voices+in+lion+king+2019
737,who+plays+mufasa+lion+king+2019
738,who+plays+timon+in+lion+king+2019
739,who+plays+zazu+in+lion+king+2019
740,who+plays+rafiki+in+lion+king+2019
741,who+plays+lion+king
742,who+plays+lion+king+voices
743,who+play+in+lion+king+2019
744,who+play+simba+in+lion+king
745,who+plays+nala+in+lion+king
746,who+is+timon+and+pumbaa+in+the+new+lion+king
747,when+did+lion+king+come+out+2019
748,when+did+lion+king+come+out+in+theaters
749,when+does+lion+king+come+out
750,when+did+the+lion+king+come+out
751,when+did+disney+lion+king+come+out
752,when+did+original+lion+king+come+out
753,when+did+new+lion+king+come+out
754,when+lion+king+will+come+on+tv+2021
755,when+lion+king+will+come+on+tv+2020
756,when+was+lion+king+released+2019
757,when+was+lion+king+released+in+uk
758,when+was+lion+king+released+in+theaters
759,when+was+lion+king+released+in+australia
760,when+was+lion+king+released+real
761,when+was+the+lion+king+released+on+video
762,when+was+lion+king+2+released
763,when+was+the+new+lion+king+released
764,when+was+lion+king+3+released
765,what+time+does+lion+king+take+place
766,when+does+lion+king+2+take+place
767,does+lion+king+take+place+in+africa
768,what+time+is+the+lion+king+set+in
769,what+time+period+is+lion+king+set+in
770,is+lion+king+set+in+africa
771,is+lion+king+set+in+kenya
772,is+lion+king+set+in+serengeti
773,what+year+is+lion+king+set
774,when+was+lion+king+first+on+broadway
775,when+did+lion+king+on+broadway+come+out
776,when+did+lion+king+start+on+broadway
777,when+did+lion+king+premiere+on+broadway
778,when+did+lion+king+go+on+broadway
779,when+did+lion+king+debut+on+broadway
780,where+to+watch+lion+king+on+broadway
781,is+the+lion+king+on+broadway+worth+seeing
782,what+theatre+is+lion+king+on+broadway
783,when+is+lion+king+coming+to+auckland
784,when+is+the+lion+king+back+in+manchester
785,when+is+lion+king+coming+on+netflix
786,when+is+lion+king+coming+out+on+netflix
787,is+lion+king+on+netflix+or+amazon+prime
788,is+lion+king+on+netflix+uk
789,is+lion+king+on+netflix+2021
790,is+lion+king+on+netflix+australia
791,is+lion+king+on+netflix+canada
792,when+is+the+new+lion+king+coming+out+on+netflix
793,when+is+lion+king+4+coming+out
794,when+lion+king+4+release
795,when+did+lion+king+4+come+out
796,when+will+lion+king+4
797,when+does+lion+king+4
798,is+lion+king+4+real
799,is+there+gonna+be+a+lion+king+4
800,is+lion+king+suitable+for+4+year+old
801,is+the+lion+king+coming+to+cardiff
802,what+time+does+lion+king+finish+at+lyceum
803,is+the+lion+king+show+still+at+animal+kingdom
804,is+the+lion+king+show+at+animal+kingdom+closed
805,lion+is+king+of+the+jungle+but+wolf
806,lion+is+king+of+the+jungle+or+tiger
807,why+is+lion+king+of+the+jungle+and+not+tiger
808,lion+is+the+king+of+the+jungle+speech
809,lion+is+the+king+of+the+jungle+in+hindi
810,lion+is+the+king+of+the+jungle+song
811,lion+is+not+king+of+the+jungle
812,lion+is+the+king+of+the+jungle+definition
813,are+lion+king+cards+worth+money
814,are+lion+king+trading+cards+worth+anything
815,is+the+lion+king+on+netflix+2019
816,is+lion+king+2+on+netflix
817,is+the+lion+king+on+netflix+or+hulu
818,is+lion+king+3+on+netflix
819,is+lion+king+based+off+hamlet
820,is+lion+king+hamlet+or+macbeth
821,how+does+the+lion+king+relate+to+hamlet
822,is+lion+king+disney+or+pixar
823,is+lion+king+disney+plus
824,is+lion+king+disney+movie
825,is+lion+king+at+disney+world
826,is+lion+king+a+disney+character
827,is+lion+king+2+disney
828,is+lion+king+on+disney+channel
829,is+lion+king+at+disneyland
830,is+lion+king+2+on+disney+plus
831,is+lion+king+on+disney+plus+yet
832,is+lion+king+on+disney+plus+uk
833,is+lion+king+on+disney+plus+australia
834,is+lion+king+3+on+disney+plus
835,is+lion+king+broadway+on+disney+plus
836,is+lion+king+1.5+on+disney+plus
837,is+lion+king+1994+on+disney+plus
838,is+the+new+lion+king+on+disney+plus+uk
839,is+lion+king+available+on+amazon+prime
840,is+lion+king+2+on+amazon+prime
841,is+lion+king+on+amazon+prime+video
842,is+lion+king+1994+on+amazon+prime
843,is+the+new+lion+king+on+amazon+prime
844,the+lion+king+on+amazon+prime+india
845,is+lion+king+free+on+amazon+prime
846,can+i+watch+lion+king+on+amazon+prime
847,is+lion+king+shakespeare
848,is+lion+king+an+adaptation+of+hamlet
849,how+is+lion+king+similar+to+hamlet
850,lion+king+is+not+hamlet
851,is+simba+hamlet
852,what+does+lion+king+teach+us
853,what+is+the+main+message+of+the+lion+king
854,what+is+the+life+lesson+in+the+lion+king
855,the+lion+king+11⁄2+trailer
856,the+lion+king+11⁄2+full+movie
857,the+lion+king+11⁄2+cast
858,the+lion+king+11⁄2+characters
859,the+lion+king+11⁄2+dvd
860,the+lion+king+11⁄2+songs
861,the+lion+king+11⁄2+(video+game)
862,the+lion+king+11⁄2+soundtrack
863,the+lion+king+11⁄2+download
864,the+lion+king+movie+poster
865,the+lion+king+movie+in+telugu
866,the+lion+king+movie+review+essay
867,the+lion+king+movie+review
868,the+lion+king+characters+2019
869,the+lion+king+characters+voices
870,the+lion+king+characters+in+real+life
871,the+lion+king+characters+in+tamil
872,the+lion+king+characters+wiki
873,the+lion+king+characters+voices+in+hindi
874,the+lion+king+characters+as+zodiac+signs
875,the+lion+king+characters+and+roles
876,the+lion+king+characters+names+in+english
877,the+lion+king+3+full+movie
878,the+lion+king+3d
879,the+lion+king+3+release+date
880,the+lion+king+3+trailer
881,the+lion+king+3+cast
882,the+lion+king+3+characters
883,the+lion+king+3+hyenas
884,the+lion+king+3d+full+movie
885,the+lion+king+3+simba's+pride
886,the+lion+king+myers+briggs
887,the+lion+king+2+mbti
888,the+lion+king+1994+mbti
889,mbti+type+the+lion+king
890,the+lion+king+1994+cast+zazu
891,the+lion+king+1994+cast+hyenas
892,the+lion+king+1994+cast+characters
893,the+lion+king+1994+cast+monkey
894,the+lion+king+1994+cast+young+simba
895,the+lion+king+1994+cast+shenzi
896,the+lion+king+1994+cast+timon
897,the+lion+king+1994+cast+nala
898,the+lion+king+1994+cast+pumbaa
899,lion+king+animation+cast
900,lion+king+animation+movie
901,lion+king+animation+cel
902,lion+king+animation+screencaps
903,lion+king+animation+style
904,lion+king+animation+full+movie
905,lion+king+animation+source
906,lion+king+animation+meme
907,lion+king+animation+2019
908,lion+king+2019+aparat
909,lion+king+1994+aparat
910,lion+king+2+aparat
911,aparat+lion+king+farsi
912,lion+king+apk+free+download
913,lion+king+apk+casino
914,lion+king+actors+2019
915,lion+king+actors+2020
916,lion+king+actors+and+characters
917,lion+king+actors+broadway
918,lion+king+actors+original
919,lion+king+actors+voices
920,lion+king+actors+cartoon
921,lion+king+actors+1994+vs+2019
922,lion+king+voice+actors+hindi
923,lion+king+ah+zabenya+lyrics+translation
924,lion+king+song+ah+zabenya+lyrics+english
925,lion+king+oh+ah+zabenya+lyrics
926,lion+king+intro+ah+zabenya+lyrics
927,lion+king+theme+song+ah+zabenya+lyrics
928,lion+king+song+lyrics+ah+zabenya+translation
929,circle+of+life+lyrics+lion+king+ah+zabenya
930,lion+king+animated+cast+1994
931,lion+king+animated+cast+2019
932,lion+king+animated+cast+hyenas
933,lion+king+cartoon+cast+characters
934,lion+king+cartoon+cast+hyenas
935,lion+king+cartoon+cast+2019
936,lion+king+cast+cartoon+names
937,lion+king+animated+movie+cast
938,lion+king+2+animated+cast
939,lion+king+ah+zabenya+meaning
940,lion+king+ah+zabenya+meme
941,lion+king+ah+zabenya+scene
942,lion+king+ah+zabenya+translation
943,lion+king+ah+zabenya+gif
944,lion+king+ah+zabenya+baba
945,lion+king+ah+zabenya+remix
946,lion+king+artoria
947,lion+king+artwork
948,lion+king+art+of+animation
949,lion+king+artist
950,lion+king+art+of+animation+suite
951,lion+king+arthur
952,lion+king+arts+and+crafts
953,lion+king+art+style
954,lion+king+art+book
955,lion+king+animals+names+real+life
956,lion+king+cast+animals+names
957,lion+king+movie+animals+names
958,lion+king+2019+animals+names
959,lion+king+animals+real+name
960,timon+lion+king+animals+name
961,lion+king+broadway+run+time
962,lion+king+broadway+lottery
963,lion+king+broadway+san+antonio
964,lion+king+broadway+soundtrack
965,lion+king+broadway+costumes
966,lion+king+broadway+songs
967,lion+king+broadway+detroit
968,lion+king+bord+gais+tickets
969,lion+king+bord+gais+review
970,lion+king+bord+gais+prices
971,lion+king+bord+gais+video
972,lion+king+bristol+prices
973,lion+king+bristol+2021
974,lion+king+bristol+promo+code
975,lion+king+bristol+trailer
976,lion+king+bristol+dates
977,lion+king+bristol+discount+code
978,lion+king+bristol+ticket+prices
979,lion+king+bristol+hippodrome+trailer
980,lion+king+bird+name
981,lion+king+bird+voice
982,lion+king+bird+zazu
983,lion+king+birdie+boiler
984,lion+king+bird+species
985,lion+king+bird+character
986,lion+king+bird+song
987,lion+king+bird+crossword+clue
988,lion+king+background+images
989,lion+king+background+music
990,lion+king+background+png
991,lion+king+background+hd
992,lion+king+background+art
993,lion+king+background+music+download
994,lion+king+background+gif
995,lion+king+background+animals
996,lion+king+background+zoom
997,lion+king+book+series
998,lion+king+book+author
999,lion+king+book+tickets
1000,lion+king+book+cover
1001,lion+king+book+review
1002,lion+king+book+pdf
1003,lion+king+book+online
1004,lion+king+book+big+w
1005,lion+king+book+with+figures
1006,lion+king+broadway+tour+florida
1007,lion+king+broadway+tour+cast
1008,lion+king+broadway+tour+new+york
1009,lion+king+broadway+tour+atlanta
1010,lion+king+broadway+tour+schedule+2021
1011,lion+king+broadway+tour+nashville
1012,lion+king+broadway+cast+salary
1013,lion+king+broadway+cast+2021
1014,lion+king+broadway+cast+simba
1015,lion+king+broadway+cast+original
1016,lion+king+broadway+cast+young+simba
1017,lion+king+broadway+cast+recording
1018,lion+king+broadway+cast+2019
1019,lion+king+broadway+cast+rafiki
1020,lion+king+broadway+cast+1997
1021,lion+king+bristol+2022+tickets
1022,lion+king+tour+2022+bristol
1023,is+the+lion+king+coming+to+bristol
1024,lion+king+baby+shower+cake
1025,lion+king+baby+shower+ideas
1026,lion+king+baby+shower+theme
1027,lion+king+baby+shower+invitations
1028,lion+king+baby+shower+backdrop
1029,lion+king+baby+shower+games
1030,lion+king+baby+shower+shirts
1031,lion+king+baby+shower+cookies
1032,lion+king+baby+shower+centerpieces
1033,lion+king+cast+animals
1034,lion+king+cast+2021
1035,lion+king+cast+new
1036,lion+king+cast+broadway
1037,lion+king+cast+cartoon
1038,lion+king+cast+hyenas
1039,lion+king+cast+hindi
1040,lion+king+cartoon+characters
1041,lion+king+cartoon+cast
1042,lion+king+cartoon+movie
1043,lion+king+cartoon+images
1044,lion+king+cartoon+show
1045,lion+king+cartoon+drawing
1046,lion+king+cartoon+pictures
1047,lion+king+cartoon+series
1048,lion+king+cartoon+songs
1049,lion+king+circle+of+life+lyrics
1050,lion+king+circle+of+life+translation
1051,lion+king+circle+of+life+2019
1052,lion+king+circle+of+life+broadway
1053,lion+king+circle+of+life+quote
1054,lion+king+circle+of+life+meme
1055,lion+king+circle+of+life+meaning
1056,lion+king+circle+of+life+gif
1057,lion+king+circle+of+life+elton+john
1058,lion+king+cast+1994+hyenas
1059,lion+king+cast+1994+young+nala
1060,lion+king+cast+1994+vs+2019
1061,lion+king+cast+1994+nala
1062,lion+king+cast+1994+young+simba
1063,lion+king+cast+1994+seth+rogen
1064,lion+king+cast+1994+pumbaa
1065,lion+king+cast+1994+imdb
1066,lion+king+cast+1994+characters
1067,lion+king+cast+2019+hyenas
1068,lion+king+cast+2019+movie
1069,lion+king+cast+2019+nala
1070,lion+king+cast+2019+rafiki
1071,lion+king+cast+2019+monkey
1072,lion+king+cast+2019+young+simba+voice
1073,lion+king+cast+2019+bush+baby
1074,lion+king+cast+2019+baby+simba
1075,lion+king+cast+2019+singers
1076,lion+king+cleveland+promo+code
1077,lion+king+cleveland+cast
1078,lion+king+cleveland+reviews
1079,lion+king+cleveland+covid
1080,lion+king+cleveland+discount+tickets
1081,lion+king+cleveland+showtimes
1082,lion+king+cleveland+schedule
1083,lion+king+cleveland+stubhub
1084,lion+king+cleveland+ticket+prices
1085,lion+king+cake+ideas
1086,lion+king+cake+toppers
1087,lion+king+cake+design
1088,lion+king+cake+images
1089,lion+king+cake+decorations
1090,lion+king+cake+publix
1091,lion+king+cake+topper+printable
1092,lion+king+cake+pops
1093,lion+king+cake+tesco
1094,lion+king+costumes+broadway
1095,lion+king+costumes+for+dogs
1096,lion+king+costumes+diy
1097,lion+king+costumes+simba
1098,lion+king+costumes+nala
1099,lion+king+costumes+musical
1100,lion+king+costumes+for+sale
1101,lion+king+costumes+family
1102,lion+king+costumes+canada
1103,lion+king+coloring+pages+online
1104,lion+king+coloring+pages+scar
1105,lion+king+coloring+pages+simba+and+nala
1106,lion+king+coloring+pages+simba
1107,lion+king+coloring+pages+mufasa
1108,lion+king+dialogue+script
1109,lion+king+dialogue+in+hindi
1110,lion+king+dialogue+in+tamil
1111,lion+king+dialogue+simba
1112,lion+king+dialogue+mufasa
1113,lion+king+dialogue+download
1114,lion+king+dialogues+in+english
1115,lion+king+movie+dialogue
1116,lion+king+best+dialogues
1117,lion+king+dublin+prices
1118,lion+king+dublin+presale
1119,lion+king+dublin+dates
1120,lion+king+dublin+hotel+package
1121,lion+king+dublin+tickets+for+sale
1122,lion+king+dublin+disney+presale
1123,lion+king+dublin+ticket+prices
1124,lion+king+denver+promo+code
1125,lion+king+denver+2022
1126,lion+king+denver+theater
1127,lion+king+detroit+2022
1128,lion+king+detroit+presale+code
1129,lion+king+detroit+lions+meme
1130,lion+king+detroit+michigan
1131,lion+king+detroit+broadway
1132,lion+king+detroit+dates
1133,lion+king+detroit+opera+house+ticketmaster
1134,lion+king+drawing+easy
1135,lion+king+drawing+images
1136,lion+king+drawing+on+tree
1137,lion+king+drawing+simba
1138,lion+king+drawings+simba+and+nala
1139,lion+king+drawings+in+color
1140,lion+king+drawing+ideas
1141,lion+king+drawing+base
1142,lion+king+drawing+step+by+step
1143,lion+king+disney+world
1144,lion+king+disney+plus
1145,lion+king+disney+ears
1146,lion+king+disneyland+paris
1147,lion+king+disneyland
1148,lion+king+disney+songs
1149,lion+king+disney+traditions
1150,lion+king+disney+tickets
1151,lion+king+disney+junior
1152,lion+king+dvd+cover
1153,lion+king+dvd+1994
1154,lion+king+dvd+set
1155,lion+king+dvd+game
1156,lion+king+dvd+2003
1157,lion+king+dvd+menu
1158,lion+king+dvd+collection
1159,lion+king+dvd+2011
1160,lion+king+dvd+amazon
1161,lion+king+decorations+ideas
1162,lion+king+decorations+baby+shower
1163,lion+king+decorations+near+me
1164,lion+king+decorations+party
1165,lion+king+decorations+for+baby+room
1166,lion+king+decorations+nz
1167,lion+king+decorations+diy
1168,lion+king+decorations+canada
1169,lion+king+decorations+amazon
1170,lion+king+tickets+dublin+2021
1171,lion+king+musical+dublin+tickets
1172,disney+lion+king+tickets+dublin
1173,is+the+lion+king+coming+to+dublin
1174,lion+king+elton+john+songs
1175,lion+king+elton+john+lyrics
1176,lion+king+elton+john+circle+of+life+lyrics
1177,lion+king+elton+john+2019
1178,lion+king+elton+john+chords
1179,lion+king+elton+john+oscar
1180,lion+king+elton+john+soundtrack
1181,lion+king+elton+john+live
1182,lion+king+elton+john+piano
1183,lion+king+everything+the+light+touches+meme
1184,lion+king+everything+the+light+touches+script
1185,lion+king+everything+the+light+touches+gif
1186,lion+king+everything+the+light+touches+meme+generator
1187,lion+king+everything+the+light+touches+line
1188,lion+king+everything+the+light+touches+2019
1189,lion+king+everything+the+light+touches+song
1190,lion+king+everything+the+light+touches+is+ours
1191,lion+king+edinburgh+2022
1192,lion+king+edinburgh+2021
1193,lion+king+edible+images
1194,lion+king+ed+laughing
1195,lion+king+ed+gif
1196,lion+king+edible+cake+toppers
1197,lion+king+edit
1198,lion+king+education
1199,lion+king+edinburgh+playhouse
1200,lion+king+edinburgh+cast
1201,lion+king+musical+edinburgh
1202,the+lion+king+edinburgh+ticketmaster
1203,lion+king+tour+edinburgh
1204,lion+king+theatre+tickets+edinburgh
1205,lion+king+musical+cast+edinburgh
1206,lion+king+elephant+graveyard+meme
1207,lion+king+elephant+graveyard+quote
1208,lion+king+elephant+graveyard+script
1209,lion+king+elephant+graveyard+fanfiction
1210,lion+king+elephant+graveyard+toy
1211,lion+king+elephant+graveyard+level
1212,lion+king+elephant+graveyard+walkthrough
1213,lion+king+elephant+graveyard+fandub
1214,why+did+simba+go+to+the+elephant+graveyard
1215,lion+king+ending+song
1216,lion+king+ending+2019
1217,lion+king+ending+credits
1218,lion+king+ending+scar
1219,lion+king+ending+fight
1220,lion+king+ending+music
1221,lion+king+ending+roar
1222,lion+king+ending+song+lyrics
1223,lion+king+ending+theme
1224,lion+king+quotes+simba+everything+the+light+touches
1225,mufasa+light+touches+quote
1226,lion+king+emoji+copy+and+paste
1227,lion+king+emoji+iphone
1228,lion+king+emoji+quiz
1229,lion+king+emoji+download
1230,lion+king+emoji+art
1231,lion+king+emoji+gif
1232,king+lion+emoji+band
1233,lion+king+movie+emoji
1234,lion+king+2+emoji
1235,lion+king+easter+eggs+1994
1236,lion+king+easter+eggs+2019
1237,lion+king+easter+egg+in+hercules
1238,lion+king+easter+egg+warzone
1239,lion+king+easter+egg+in+aladdin
1240,animated+lion+king+easter+eggs
1241,lion+king+2+easter+eggs
1242,lion+king+chocolate+easter+eggs
1243,live+action+lion+king+easter+eggs
1244,lion+king+earrings+pandora
1245,lion+king+earrings+gold
1246,lion+king+earrings+australia
1247,disney+lion+king+earrings
1248,lion+king+silver+earrings
1249,lion+king+simba+earrings
1250,lion+king+elephant+earrings
1251,kay+jewelers+lion+king+earrings
1252,lion+king+necklace+and+earrings
1253,lion+king+family+tree+with+names
1254,lion+king+family+tree+askari
1255,lion+king+family+tree+part+1
1256,lion+king+family+tree+kopa
1257,lion+king+family+tree+wiki
1258,lion+king+family+tree+part+9
1259,lion+king+family+tree+deviantart
1260,lion+king+family+tree+part+2
1261,lion+king+family+tree+canon
1262,lion+king+font+generator
1263,lion+king+font+style
1264,lion+king+font+cricut
1265,lion+king+font+name
1266,lion+king+font+similar
1267,lion+king+full+movie+english
1268,lion+king+full+movie+youtube
1269,lion+king+full+movie+cartoon
1270,lion+king+full+movie+in+zulu
1271,lion+king+full+movie+telugu
1272,lion+king+full+movie+dailymotion
1273,lion+king+full+movie+in+isizulu
1274,lion+king+full+movie+1995
1275,lion+king+full+movie+in+telugu+download+in+google
1276,lion+king+film+cast
1277,lion+king+film+1994
1278,lion+king+film+2019
1279,lion+king+film+series
1280,lion+king+film+review
1281,lion+king+film+poster
1282,lion+king+film+characters
1283,lion+king+film+full+movie
1284,lion+king+film+songs
1285,lion+king+flooring+reviews
1286,lion+king+flooring+pty+ltd+guildford
1287,lion+king+flooring+ebay
1288,lion+king+flooring+villawood
1289,lion+king+flooring+address
1290,lion+king+active+flooring
1291,lion+king+hybrid+flooring
1292,lion+king+spc+flooring
1293,disney+lion+king+active+flooring
1294,lion+king+figures+set
1295,lion+king+figures+asda
1296,lion+king+figures+uk
1297,lion+king+figures+argos
1298,lion+king+figures+amazon
1299,lion+king+figures+ebay
1300,lion+king+figures+toys
1301,lion+king+figures+walmart
1302,lion+king+figures+smyths
1303,lion+king+fanfiction+human+girl
1304,lion+king+fanfiction+watching+the+movie
1305,lion+king+fanfiction+good+scar
1306,lion+king+fanfiction+human
1307,lion+king+fanfiction+scar+abused
1308,lion+king+fanfiction+scar+hurt
1309,lion+king+fanfiction+mufasa+lives
1310,lion+king+fanfiction+taka+becomes+good
1311,lion+king+fanfiction+simba+and+nala
1312,lion+king+family+outfit
1313,lion+king+female+characters+names
1314,lion+king+female+cat+names
1315,lion+king+female+dog+names
1316,lion+king+funko+pop+list
1317,lion+king+funko+pop+scar
1318,lion+king+funko+pop+set
1319,lion+king+funko+pop+simba
1320,lion+king+funko+pop+keychain
1321,lion+king+funko+pop+zazu
1322,lion+king+funko+pop+checklist
1323,lion+king+funko+pop+mufasa
1324,lion+king+funko+pop+collection
1325,lion+king+game+switch
1326,lion+king+game+ps4
1327,lion+king+game+1994
1328,lion+king+game+hard
1329,lion+king+gameboy
1330,lion+king+game+pc
1331,lion+king+game+online+sega
1332,lion+king+typing+game+online
1333,lion+king+dos+game+online
1334,lion+king+2+game+online
1335,lion+king+3+game+online
1336,lion+king+retro+game+online
1337,robot+lion+king+game+online
1338,the+lion+king+game+online+super+nintendo
1339,lion+king+game+gear+online
1340,lion+king+gifts+for+adults
1341,lion+king+gif+throw
1342,lion+king+gif+funny
1343,lion+king+gifts+for+toddlers
1344,lion+king+gif+meme
1345,lion+king+gifts+for+her
1346,lion+king+gift+bags
1347,lion+king+gif+yeet
1348,lion+king+gifts+for+him
1349,lion+king+gifts+for+babies
1350,lion+king+gifts+for+2+year+old
1351,lion+king+girl+dog+names
1352,lion+king+girl+cat+names
1353,disney+lion+king+girl+names
1354,lion+king+cast+girl+names
1355,lion+king+girl+cub+name
1356,what+was+simba's+girlfriend's+name
1357,lion+king+genre+2019
1358,lion+king+music+genre
1359,the+lion+king+book+genre
1360,the+lion+king+2+genre
1361,what+is+the+lion+king+musical+based+on
1362,what+age+is+lion+king+musical+appropriate+for
1363,lion+king+game+download+pc
1364,lion+king+game+download+for+android
1365,lion+king+game+download+for+mac
1366,lion+king+sega+game+download+for+android
1367,lion+king+game+free+download+softonic
1368,lion+king+typing+game+download
1369,lion+king+dos+game+download
1370,lion+king+psp+game+download
1371,lion+king+2+game+download
1372,lion+king+game+sega+download
1373,lion+king+game+sega+mega+drive
1374,lion+king+sega+game+apk
1375,lion+king+sega+game+walkthrough
1376,lion+king+sega+game+levels
1377,lion+king+sega+game+gear
1378,lion+king+sega+game+level+2
1379,lion+king+sega+game+emulator
1380,lion+king+girl+lion+names
1381,lion+king+female+lion+characters
1382,lion+king+little+girl+lion
1383,lion+king+girl+baby+lion
1384,girl+lions+lion+king+movies
1385,lion+king+dubai+hookah
1386,lion+king+hakuna+matata+2019
1387,lion+king+hakuna+matata+meaning
1388,lion+king+hakuna+matata+tattoo
1389,lion+king+hakuna+matata+meme
1390,lion+king+hakuna+matata+gif
1391,lion+king+hakuna+matata+shirt
1392,lion+king+hakuna+matata+quotes
1393,lion+king+hakuna+matata+silhouette
1394,lion+king+hyenas+names
1395,lion+king+hyenas+cast
1396,lion+king+hyenas+laughing
1397,lion+king+hyenas+gif
1398,lion+king+hyenas+shenzi
1399,lion+king+hyenas+ed
1400,lion+king+hyenas+2019
1401,lion+king+hyenas+toys
1402,lion+king+hyenas+song
1403,lion+king+hyena+names+pronunciation
1404,lion+king+hyena+names+2019
1405,lion+king+hyena+name+change
1406,lion+king+movie+hyena+names
1407,original+lion+king+hyena+names
1408,lion+king+2+hyena+names
1409,lion+king+hyena+character+names
1410,hyena+names+lion+king+1994
1411,lion+king+hindi+cast+rafiki
1412,lion+king+hindi+cast+young+simba
1413,lion+king+hindi+cast+nala
1414,lion+king+hindi+cast+wiki
1415,lion+king+hindi+cast+hyenas
1416,lion+king+1994+hindi+cast
1417,the+lion+king+hindi+cast+baby+simba
1418,lion+king+hamlet+comparison
1419,lion+king+hamlet+characters
1420,lion+king+hamlet+or+macbeth
1421,lion+king+hamlet+reddit
1422,lion+king+hamlet+quotes
1423,lion+king+hamlet+essay
1424,lion+king+and+hamlet+themes
1425,lion+king+vs+hamlet+characters
1426,lion+king+and+hamlet+venn+diagram
1427,lion+king+hindi+dubbing
1428,lion+king+hindi+trailer
1429,lion+king+hindi+dubbing+actors
1430,lion+king+hindi+songs
1431,lion+king+hindi+version
1432,lion+king+hindi+characters
1433,lion+king+hindi+voice
1434,lion+king+hindi+aryan+khan
1435,lion+king+hakuna+matata+lyrics+2019
1436,lion+king+hakuna+matata+lyrics+youtube
1437,lion+king+hakuna+matata+lyrics+karaoke
1438,lion+guard+hakuna+matata+lyrics
1439,new+lion+king+hakuna+matata+lyrics
1440,disney+lion+king+hakuna+matata+lyrics
1441,lion+king+jr+hakuna+matata+lyrics
1442,lion+king+songs+hakuna+matata+lyrics+2019
1443,lion+king+musical+hakuna+matata+lyrics
1444,lion+king+holding+up+simba+song
1445,lion+king+holding+up+simba+meme
1446,lion+king+holding+up+simba+song+lyrics
1447,lion+king+holding+up+simba+gif
1448,lion+king+holding+up+simba+quote
1449,lion+king+holding+up+simba+lyrics
1450,lion+king+scene+holding+up+simba
1451,lion+king+rafiki+holding+up+simba
1452,lion+king+holding+up+baby+simba
1453,lion+king+halloween+costumes+family
1454,lion+king+halloween+costumes+baby
1455,lion+king+halloween+costumes+for+toddlers
1456,lion+king+halloween+costumes+diy
1457,lion+king+halloween+costumes+canada
1458,lion+king+halloween+costumes+for+sale
1459,lion+king+characters+halloween+costumes
1460,nala+lion+king+halloween+costume
1461,simba+lion+king+halloween+costume
1462,lion+king+imdb+2019
1463,lion+king+imdb+cast
1464,lion+king+imdb+parents+guide
1465,lion+king+imdb+trivia
1466,lion+king+2+imdb
1467,lion+king+3+imdb
1468,lion+king+1.5+imdb
1469,lion+king+quotes+imdb
1470,simba+lion+king+imdb
1471,lion+king+images+cartoon
1472,lion+king+images+download
1473,lion+king+images+black+and+white
1474,lion+king+images+2019
1475,lion+king+images+simba
1476,lion+king+images+hd+download
1477,lion+king+images+for+cake
1478,lion+king+images+drawing
1479,lion+king+intro+song+meaning
1480,lion+king+intro+song+name
1481,lion+king+intro+song+in+english
1482,lion+king+intro+song+download
1483,lion+king+intro+song+live
1484,lion+king+intro+song+language
1485,lion+king+in+theatre+uk
1486,lion+king+in+theatre+bristol
1487,lion+king+in+theatre+manchester
1488,lion+king+in+theatre+tickets+london
1489,lion+king+in+theatre+near+me
1490,lion+king+in+theatre+2022
1491,lion+king+in+theatre+tickets
1492,lion+king+in+theatre+2021
1493,lion+king+in+theatre+trailer
1494,lion+king+intro+lyrics+naaa+zabenya
1495,lion+king+intro+lyrics+swahili
1496,lion+king+intro+lyrics+african
1497,lion+king+intro+lyrics+ahhh+sevenya
1498,lion+king+chant+lyrics
1499,lion+king+lyrics+theme+song
1500,lion+king+1.5+intro+lyrics
1501,lion+king+in+the+jungle+lyrics
1502,lion+king+in+the+jungle+song
1503,lion+king+in+the+jungle+the+mighty+jungle
1504,lion+king+in+the+jungle+scene
1505,lion+king+in+the+jungle+meme
1506,lion+king+in+the+jungle+song+lyrics
1507,lion+king+in+the+jungle+chords
1508,lion+king+in+the+jungle+2019
1509,lion+king+in+the+jungle+youtube
1510,lion+king+it+is+time+gif
1511,lion+king+it+is+time+meme
1512,lion+king+it+is+time+tiktok
1513,lion+king+it+is+time+rafiki
1514,lion+king+it's+time+song
1515,lion+king+soundtrack+it+is+time
1516,rafiki+lion+king+it+is+time+gif
1517,lion+king+it's+time+to+shave
1518,lion+king+timeline
1519,lion+king+in+hindi+cast
1520,lion+king+in+hindi+voice
1521,lion+king+images+hd+free+download
1522,lion+king+photos+hd
1523,lion+king+hd+gallery
1524,lion+king+movie+images+hd
1525,lion+king+images+full+hd
1526,lion+king+high+resolution+images
1527,lion+king+high+resolution+pictures
1528,lion+king+intro+song+lyrics+translation
1529,lion+king+intro+song+lyrics+african
1530,lion+king+intro+song+lyrics+meaning
1531,lion+king+2+intro+song+lyrics
1532,lion+king+2+beginning+song+lyrics
1533,lion+king+theme+song+lyrics
1534,lion+king+theme+song+lyrics+in+the+jungle
1535,lion+king+theme+song+lyrics+can+you+feel+the+love+tonight
1536,lion+king+theme+song+lyrics+hakuna+matata
